country_code,gender,year,employment
AUS,MA,1995,63.04
CHN,MA,1995,21.87
JPN,MA,1995,55.34
PHL,MA,1995,32.64
THA,MA,1995,27.29
VNM,MA,1995,19.76
GBR,MA,1995,58.87
USA,MA,1995,62.53
ARE,MA,1995,54.74
SGP,MA,1995,65.01
MMR,MA,1995,19.39
MYS,MA,1995,45.44
AUS,FE,1995,85.34
CHN,FE,1995,28.34
JPN,FE,1995,68.42
PHL,FE,1995,56.69
THA,FE,1995,29.43
VNM,FE,1995,22.76
GBR,FE,1995,84.68
USA,FE,1995,84.99
ARE,FE,1995,86.16
SGP,FE,1995,74.89
MMR,FE,1995,27.27
MYS,FE,1995,51.77
AUS,MA,1995,31.22
CHN,MA,1995,21.75
JPN,MA,1995,39.49
PHL,MA,1995,15.8
THA,MA,1995,21.94
VNM,MA,1995,13.71
GBR,MA,1995,38.4
USA,MA,1995,34.95
ARE,MA,1995,36.23
SGP,MA,1995,34.67
MMR,MA,1995,8.86
MYS,MA,1995,32.94
AUS,FE,1995,11.17
CHN,FE,1995,24.52
JPN,FE,1995,25.09
PHL,FE,1995,13.19
THA,FE,1995,17.13
VNM,FE,1995,9.82
GBR,FE,1995,14.09
USA,FE,1995,14.02
ARE,FE,1995,13.78
SGP,FE,1995,25.0
MMR,FE,1995,12.71
MYS,FE,1995,31.26
AUS,FE,1995,3.49
CHN,FE,1995,47.14
JPN,FE,1995,6.49
PHL,FE,1995,30.12
THA,FE,1995,53.44
VNM,FE,1995,67.42
GBR,FE,1995,1.23
USA,FE,1995,0.99
ARE,FE,1995,0.06
SGP,FE,1995,0.12
MMR,FE,1995,60.02
MYS,FE,1995,16.97
AUS,MA,1995,5.74
CHN,MA,1995,56.38
JPN,MA,1995,5.17
PHL,MA,1995,51.55
THA,MA,1995,50.78
VNM,MA,1995,66.54
GBR,MA,1995,2.73
USA,MA,1995,2.52
ARE,MA,1995,9.03
SGP,MA,1995,0.32
MMR,MA,1995,71.76
MYS,MA,1995,21.63
AUS,MA,1996,63.46
CHN,MA,1996,22.92
JPN,MA,1996,55.64
PHL,MA,1996,33.38
THA,MA,1996,27.68
VNM,MA,1996,20.02
GBR,MA,1996,58.74
USA,MA,1996,62.69
ARE,MA,1996,54.67
SGP,MA,1996,66.82
MMR,MA,1996,20.23
MYS,MA,1996,45.65
AUS,FE,1996,85.72
CHN,FE,1996,29.73
JPN,FE,1996,69.08
PHL,FE,1996,57.04
THA,FE,1996,30.9
VNM,FE,1996,22.95
GBR,FE,1996,84.87
USA,FE,1996,85.22
ARE,FE,1996,86.2
SGP,FE,1996,73.96
MMR,FE,1996,28.36
MYS,FE,1996,53.35
AUS,MA,1996,30.61
CHN,MA,1996,22.3
JPN,MA,1996,39.34
PHL,MA,1996,16.33
THA,MA,1996,23.55
VNM,MA,1996,14.26
GBR,MA,1996,38.66
USA,MA,1996,34.83
ARE,MA,1996,36.29
SGP,MA,1996,32.93
MMR,MA,1996,9.39
MYS,MA,1996,33.73
AUS,FE,1996,10.89
CHN,FE,1996,24.95
JPN,FE,1996,24.66
PHL,FE,1996,12.3
THA,FE,1996,17.52
VNM,FE,1996,10.13
GBR,FE,1996,13.96
USA,FE,1996,13.81
ARE,FE,1996,13.74
SGP,FE,1996,25.94
MMR,FE,1996,13.31
MYS,FE,1996,29.54
AUS,FE,1996,3.39
CHN,FE,1996,45.33
JPN,FE,1996,6.26
PHL,FE,1996,30.67
THA,FE,1996,51.59
VNM,FE,1996,66.93
GBR,FE,1996,1.16
USA,FE,1996,0.97
ARE,FE,1996,0.06
SGP,FE,1996,0.1
MMR,FE,1996,58.33
MYS,FE,1996,17.11
AUS,MA,1996,5.94
CHN,MA,1996,54.78
JPN,MA,1996,5.02
PHL,MA,1996,50.29
THA,MA,1996,48.78
VNM,MA,1996,65.72
GBR,MA,1996,2.6
USA,MA,1996,2.48
ARE,MA,1996,9.04
SGP,MA,1996,0.25
MMR,MA,1996,70.38
MYS,MA,1996,20.62
AUS,MA,1997,63.68
CHN,MA,1997,23.32
JPN,MA,1997,55.69
PHL,MA,1997,35.39
THA,MA,1997,28.46
VNM,MA,1997,20.58
GBR,MA,1997,59.32
USA,MA,1997,62.83
ARE,MA,1997,54.58
SGP,MA,1997,66.45
MMR,MA,1997,21.25
MYS,MA,1997,45.27
AUS,FE,1997,85.87
CHN,FE,1997,30.12
JPN,FE,1997,69.73
PHL,FE,1997,59.88
THA,FE,1997,31.65
VNM,FE,1997,23.58
GBR,FE,1997,85.66
USA,FE,1997,85.46
ARE,FE,1997,86.15
SGP,FE,1997,73.12
MMR,FE,1997,29.73
MYS,FE,1997,55.87
AUS,MA,1997,30.32
CHN,MA,1997,22.67
JPN,MA,1997,39.39
PHL,MA,1997,17.7
THA,MA,1997,22.16
VNM,MA,1997,14.84
GBR,MA,1997,38.17
USA,MA,1997,34.74
ARE,MA,1997,36.4
SGP,MA,1997,33.32
MMR,MA,1997,9.97
MYS,MA,1997,35.8
AUS,FE,1997,10.66
CHN,FE,1997,24.94
JPN,FE,1997,24.25
PHL,FE,1997,12.68
THA,FE,1997,16.86
VNM,FE,1997,10.4
GBR,FE,1997,13.28
USA,FE,1997,13.6
ARE,FE,1997,13.79
SGP,FE,1997,26.8
MMR,FE,1997,13.97
MYS,FE,1997,29.82
AUS,FE,1997,3.47
CHN,FE,1997,44.94
JPN,FE,1997,6.02
PHL,FE,1997,27.44
THA,FE,1997,51.49
VNM,FE,1997,66.02
GBR,FE,1997,1.06
USA,FE,1997,0.95
ARE,FE,1997,0.06
SGP,FE,1997,0.09
MMR,FE,1997,56.3
MYS,FE,1997,14.32
AUS,MA,1997,6.0
CHN,MA,1997,54.01
JPN,MA,1997,4.92
PHL,MA,1997,46.91
THA,MA,1997,49.38
VNM,MA,1997,64.58
GBR,MA,1997,2.52
USA,MA,1997,2.43
ARE,MA,1997,9.02
SGP,MA,1997,0.24
MMR,MA,1997,68.78
MYS,MA,1997,18.94
AUS,MA,1998,63.96
CHN,MA,1998,23.58
JPN,MA,1998,56.5
PHL,MA,1998,36.65
THA,MA,1998,28.44
VNM,MA,1998,22.13
GBR,MA,1998,59.72
USA,MA,1998,63.04
ARE,MA,1998,54.69
SGP,MA,1998,66.73
MMR,MA,1998,21.47
MYS,MA,1998,45.47
AUS,FE,1998,86.37
CHN,FE,1998,30.47
JPN,FE,1998,71.26
PHL,FE,1998,61.91
THA,FE,1998,34.1
VNM,FE,1998,25.27
GBR,FE,1998,85.97
USA,FE,1998,85.76
ARE,FE,1998,86.19
SGP,FE,1998,74.51
MMR,FE,1998,30.0
MYS,FE,1998,56.59
AUS,MA,1998,30.13
CHN,MA,1998,22.67
JPN,MA,1998,38.66
PHL,MA,1998,17.86
THA,MA,1998,19.3
VNM,MA,1998,13.89
GBR,MA,1998,37.91
USA,MA,1998,34.58
ARE,MA,1998,36.33
SGP,MA,1998,33.03
MMR,MA,1998,10.33
MYS,MA,1998,33.7
AUS,FE,1998,10.18
CHN,FE,1998,24.51
JPN,FE,1998,22.77
PHL,FE,1998,12.52
THA,FE,1998,15.81
VNM,FE,1998,9.13
GBR,FE,1998,13.11
USA,FE,1998,13.32
ARE,FE,1998,13.75
SGP,FE,1998,25.41
MMR,FE,1998,14.29
MYS,FE,1998,28.27
AUS,FE,1998,3.45
CHN,FE,1998,45.03
JPN,FE,1998,5.97
PHL,FE,1998,25.57
THA,FE,1998,50.09
VNM,FE,1998,65.6
GBR,FE,1998,0.92
USA,FE,1998,0.92
ARE,FE,1998,0.06
SGP,FE,1998,0.08
MMR,FE,1998,55.7
MYS,FE,1998,15.14
AUS,MA,1998,5.91
CHN,MA,1998,53.75
JPN,MA,1998,4.84
PHL,MA,1998,45.49
THA,MA,1998,52.26
VNM,MA,1998,63.98
GBR,MA,1998,2.38
USA,MA,1998,2.38
ARE,MA,1998,8.98
SGP,MA,1998,0.24
MMR,MA,1998,68.19
MYS,MA,1998,20.83
AUS,MA,1999,64.22
CHN,MA,1999,23.8
JPN,MA,1999,56.68
PHL,MA,1999,36.49
THA,MA,1999,30.62
VNM,MA,1999,21.44
GBR,MA,1999,60.89
USA,MA,1999,63.25
ARE,MA,1999,54.92
SGP,MA,1999,67.46
MMR,MA,1999,21.74
MYS,MA,1999,45.62
AUS,FE,1999,86.59
CHN,FE,1999,30.65
JPN,FE,1999,72.12
PHL,FE,1999,60.91
THA,FE,1999,36.07
VNM,FE,1999,24.71
GBR,FE,1999,86.68
USA,FE,1999,86.08
ARE,FE,1999,86.27
SGP,FE,1999,74.89
MMR,FE,1999,29.96
MYS,FE,1999,57.69
AUS,MA,1999,29.76
CHN,MA,1999,22.45
JPN,MA,1999,38.47
PHL,MA,1999,17.06
THA,MA,1999,19.55
VNM,MA,1999,14.01
GBR,MA,1999,36.89
USA,MA,1999,34.42
ARE,MA,1999,36.11
SGP,MA,1999,32.32
MMR,MA,1999,10.73
MYS,MA,1999,33.36
AUS,FE,1999,9.91
CHN,FE,1999,23.67
JPN,FE,1999,22.13
PHL,FE,1999,12.58
THA,FE,1999,16.97
VNM,FE,1999,9.84
GBR,FE,1999,12.56
USA,FE,1999,13.02
ARE,FE,1999,13.67
SGP,FE,1999,25.03
MMR,FE,1999,14.44
MYS,FE,1999,28.72
AUS,FE,1999,3.5
CHN,FE,1999,45.68
JPN,FE,1999,5.76
PHL,FE,1999,26.51
THA,FE,1999,46.97
VNM,FE,1999,65.45
GBR,FE,1999,0.76
USA,FE,1999,0.9
ARE,FE,1999,0.06
SGP,FE,1999,0.08
MMR,FE,1999,55.6
MYS,FE,1999,13.6
AUS,MA,1999,6.03
CHN,MA,1999,53.76
JPN,MA,1999,4.85
PHL,MA,1999,46.45
THA,MA,1999,49.83
VNM,MA,1999,64.56
GBR,MA,1999,2.22
USA,MA,1999,2.33
ARE,MA,1999,8.98
SGP,MA,1999,0.23
MMR,MA,1999,67.53
MYS,MA,1999,21.03
AUS,MA,2000,63.57
CHN,MA,2000,24.42
JPN,MA,2000,57.1
PHL,MA,2000,37.07
THA,MA,2000,29.68
VNM,MA,2000,21.09
GBR,MA,2000,61.61
USA,MA,2000,63.5
ARE,MA,2000,54.99
SGP,MA,2000,68.7
MMR,MA,2000,22.55
MYS,MA,2000,45.28
AUS,FE,2000,86.34
CHN,FE,2000,31.21
JPN,FE,2000,72.9
PHL,FE,2000,63.19
THA,FE,2000,35.14
VNM,FE,2000,23.6
GBR,FE,2000,87.27
USA,FE,2000,86.44
ARE,FE,2000,86.29
SGP,FE,2000,76.95
MMR,FE,2000,30.5
MYS,FE,2000,56.99
AUS,MA,2000,30.47
CHN,MA,2000,22.26
JPN,MA,2000,38.12
PHL,MA,2000,17.61
THA,MA,2000,20.48
VNM,MA,2000,14.62
GBR,MA,2000,36.22
USA,MA,2000,34.23
ARE,MA,2000,36.06
SGP,MA,2000,31.09
MMR,MA,2000,11.45
MYS,MA,2000,34.0
AUS,FE,2000,10.23
CHN,FE,2000,22.79
JPN,FE,2000,21.56
PHL,FE,2000,13.03
THA,FE,2000,17.31
VNM,FE,2000,10.12
GBR,FE,2000,11.95
USA,FE,2000,12.71
ARE,FE,2000,13.66
SGP,FE,2000,22.98
MMR,FE,2000,14.82
MYS,FE,2000,28.89
AUS,FE,2000,3.43
CHN,FE,2000,46.0
JPN,FE,2000,5.55
PHL,FE,2000,23.79
THA,FE,2000,47.55
VNM,FE,2000,66.28
GBR,FE,2000,0.77
USA,FE,2000,0.86
ARE,FE,2000,0.06
SGP,FE,2000,0.07
MMR,FE,2000,54.68
MYS,FE,2000,14.11
AUS,MA,2000,5.96
CHN,MA,2000,53.33
JPN,MA,2000,4.78
PHL,MA,2000,45.32
THA,MA,2000,49.84
VNM,MA,2000,64.29
GBR,MA,2000,2.17
USA,MA,2000,2.27
ARE,MA,2000,8.96
SGP,MA,2000,0.21
MMR,MA,2000,66.0
MYS,MA,2000,20.71
AUS,MA,2001,64.62
CHN,MA,2001,24.6
JPN,MA,2001,57.83
PHL,MA,2001,37.28
THA,MA,2001,32.8
VNM,MA,2001,20.47
GBR,MA,2001,62.24
USA,MA,2001,64.2
ARE,MA,2001,55.46
SGP,MA,2001,69.72
MMR,MA,2001,22.97
MYS,MA,2001,48.18
AUS,FE,2001,87.04
CHN,FE,2001,31.44
JPN,FE,2001,73.95
PHL,FE,2001,63.44
THA,FE,2001,37.92
VNM,FE,2001,23.89
GBR,FE,2001,87.95
USA,FE,2001,87.28
ARE,FE,2001,87.23
SGP,FE,2001,78.84
MMR,FE,2001,30.65
MYS,FE,2001,58.27
AUS,MA,2001,29.59
CHN,MA,2001,22.3
JPN,MA,2001,37.51
PHL,MA,2001,17.73
THA,MA,2001,19.18
VNM,MA,2001,16.44
GBR,MA,2001,35.77
USA,MA,2001,33.69
ARE,MA,2001,36.29
SGP,MA,2001,30.07
MMR,MA,2001,11.99
MYS,MA,2001,34.99
AUS,FE,2001,9.51
CHN,FE,2001,22.3
JPN,FE,2001,20.77
PHL,FE,2001,12.39
THA,FE,2001,18.41
VNM,FE,2001,11.15
GBR,FE,2001,11.37
USA,FE,2001,11.89
ARE,FE,2001,12.72
SGP,FE,2001,21.09
MMR,FE,2001,14.86
MYS,FE,2001,29.69
AUS,FE,2001,3.45
CHN,FE,2001,46.27
JPN,FE,2001,5.28
PHL,FE,2001,24.17
THA,FE,2001,43.67
VNM,FE,2001,64.96
GBR,FE,2001,0.68
USA,FE,2001,0.83
ARE,FE,2001,0.05
SGP,FE,2001,0.07
MMR,FE,2001,54.49
MYS,FE,2001,12.04
AUS,MA,2001,5.79
CHN,MA,2001,53.1
JPN,MA,2001,4.66
PHL,MA,2001,44.99
THA,MA,2001,48.02
VNM,MA,2001,63.09
GBR,MA,2001,1.99
USA,MA,2001,2.11
ARE,MA,2001,8.24
SGP,MA,2001,0.21
MMR,MA,2001,65.04
MYS,MA,2001,16.83
AUS,MA,2002,64.64
CHN,MA,2002,25.45
JPN,MA,2002,58.53
PHL,MA,2002,37.33
THA,MA,2002,33.7
VNM,MA,2002,21.49
GBR,MA,2002,62.99
USA,MA,2002,65.17
ARE,MA,2002,55.98
SGP,MA,2002,70.53
MMR,MA,2002,23.6
MYS,MA,2002,48.7
AUS,FE,2002,87.44
CHN,FE,2002,32.41
JPN,FE,2002,75.3
PHL,FE,2002,63.59
THA,FE,2002,39.25
VNM,FE,2002,25.17
GBR,FE,2002,88.5
USA,FE,2002,88.19
ARE,FE,2002,88.13
SGP,FE,2002,79.11
MMR,FE,2002,31.13
MYS,FE,2002,61.12
AUS,MA,2002,29.92
CHN,MA,2002,21.71
JPN,MA,2002,36.92
PHL,MA,2002,17.99
THA,MA,2002,20.54
VNM,MA,2002,17.49
GBR,MA,2002,35.04
USA,MA,2002,32.7
ARE,MA,2002,36.43
SGP,MA,2002,29.27
MMR,MA,2002,12.86
MYS,MA,2002,34.56
AUS,FE,2002,9.53
CHN,FE,2002,21.02
JPN,FE,2002,19.74
PHL,FE,2002,11.78
THA,FE,2002,19.18
VNM,FE,2002,11.7
GBR,FE,2002,10.81
USA,FE,2002,10.96
ARE,FE,2002,11.83
SGP,FE,2002,20.83
MMR,FE,2002,15.1
MYS,FE,2002,27.27
AUS,FE,2002,3.03
CHN,FE,2002,46.58
JPN,FE,2002,4.96
PHL,FE,2002,24.63
THA,FE,2002,41.57
VNM,FE,2002,63.13
GBR,FE,2002,0.69
USA,FE,2002,0.84
ARE,FE,2002,0.05
SGP,FE,2002,0.07
MMR,FE,2002,53.77
MYS,FE,2002,11.61
AUS,MA,2002,5.45
CHN,MA,2002,52.84
JPN,MA,2002,4.56
PHL,MA,2002,44.68
THA,MA,2002,45.75
VNM,MA,2002,61.03
GBR,MA,2002,1.98
USA,MA,2002,2.13
ARE,MA,2002,7.59
SGP,MA,2002,0.2
MMR,MA,2002,63.54
MYS,MA,2002,16.74
AUS,MA,2003,65.11
CHN,MA,2003,26.1
JPN,MA,2003,59.28
PHL,MA,2003,37.92
THA,MA,2003,34.5
VNM,MA,2003,22.61
GBR,MA,2003,63.79
USA,MA,2003,65.5
ARE,MA,2003,56.03
SGP,MA,2003,70.46
MMR,MA,2003,24.52
MYS,MA,2003,49.08
AUS,FE,2003,87.84
CHN,FE,2003,33.19
JPN,FE,2003,76.25
PHL,FE,2003,64.22
THA,FE,2003,40.63
VNM,FE,2003,25.32
GBR,FE,2003,89.18
USA,FE,2003,88.43
ARE,FE,2003,88.91
SGP,FE,2003,79.28
MMR,FE,2003,31.95
MYS,FE,2003,62.18
AUS,MA,2003,29.95
CHN,MA,2003,22.14
JPN,MA,2003,36.21
PHL,MA,2003,18.04
THA,MA,2003,21.94
VNM,MA,2003,19.6
GBR,MA,2003,34.4
USA,MA,2003,32.41
ARE,MA,2003,37.01
SGP,MA,2003,29.34
MMR,MA,2003,13.77
MYS,MA,2003,34.84
AUS,FE,2003,9.54
CHN,FE,2003,20.95
JPN,FE,2003,18.94
PHL,FE,2003,11.65
THA,FE,2003,20.02
VNM,FE,2003,12.97
GBR,FE,2003,10.24
USA,FE,2003,10.76
ARE,FE,2003,11.05
SGP,FE,2003,20.66
MMR,FE,2003,15.41
MYS,FE,2003,26.86
AUS,FE,2003,2.62
CHN,FE,2003,45.86
JPN,FE,2003,4.82
PHL,FE,2003,24.13
THA,FE,2003,39.35
VNM,FE,2003,61.71
GBR,FE,2003,0.58
USA,FE,2003,0.81
ARE,FE,2003,0.04
SGP,FE,2003,0.07
MMR,FE,2003,52.64
MYS,FE,2003,10.96
AUS,MA,2003,4.94
CHN,MA,2003,51.76
JPN,MA,2003,4.51
PHL,MA,2003,44.03
THA,MA,2003,43.56
VNM,MA,2003,57.79
GBR,MA,2003,1.81
USA,MA,2003,2.09
ARE,MA,2003,6.96
SGP,MA,2003,0.19
MMR,MA,2003,61.71
MYS,MA,2003,16.08
AUS,MA,2004,64.75
CHN,MA,2004,27.06
JPN,MA,2004,59.98
PHL,MA,2004,38.47
THA,MA,2004,35.48
VNM,MA,2004,23.34
GBR,MA,2004,65.03
USA,MA,2004,65.47
ARE,MA,2004,56.16
SGP,MA,2004,71.46
MMR,MA,2004,25.13
MYS,MA,2004,50.23
AUS,FE,2004,87.96
CHN,FE,2004,34.93
JPN,FE,2004,77.15
PHL,FE,2004,64.76
THA,FE,2004,42.1
VNM,FE,2004,26.28
GBR,FE,2004,89.88
USA,FE,2004,88.77
ARE,FE,2004,89.65
SGP,FE,2004,80.18
MMR,FE,2004,32.31
MYS,FE,2004,64.7
AUS,MA,2004,30.68
CHN,MA,2004,23.02
JPN,MA,2004,35.55
PHL,MA,2004,18.09
THA,MA,2004,23.39
VNM,MA,2004,20.71
GBR,MA,2004,33.12
USA,MA,2004,32.48
ARE,MA,2004,37.45
SGP,MA,2004,28.35
MMR,MA,2004,14.45
MYS,MA,2004,32.99
AUS,FE,2004,9.36
CHN,FE,2004,21.87
JPN,FE,2004,18.16
PHL,FE,2004,11.5
THA,FE,2004,20.81
VNM,FE,2004,13.73
GBR,FE,2004,9.53
USA,FE,2004,10.45
ARE,FE,2004,10.32
SGP,FE,2004,19.75
MMR,FE,2004,15.66
MYS,FE,2004,24.85
AUS,FE,2004,2.68
CHN,FE,2004,43.21
JPN,FE,2004,4.68
PHL,FE,2004,23.74
THA,FE,2004,37.09
VNM,FE,2004,59.99
GBR,FE,2004,0.6
USA,FE,2004,0.78
ARE,FE,2004,0.04
SGP,FE,2004,0.06
MMR,FE,2004,52.03
MYS,FE,2004,10.46
AUS,MA,2004,4.58
CHN,MA,2004,49.92
JPN,MA,2004,4.47
PHL,MA,2004,43.44
THA,MA,2004,41.13
VNM,MA,2004,55.96
GBR,MA,2004,1.85
USA,MA,2004,2.05
ARE,MA,2004,6.39
SGP,MA,2004,0.19
MMR,MA,2004,60.43
MYS,MA,2004,16.78
AUS,MA,2005,64.87
CHN,MA,2005,27.78
JPN,MA,2005,60.36
PHL,MA,2005,39.01
THA,MA,2005,37.13
VNM,MA,2005,24.74
GBR,MA,2005,64.97
USA,MA,2005,65.63
ARE,MA,2005,56.34
SGP,MA,2005,73.62
MMR,MA,2005,25.62
MYS,MA,2005,50.31
AUS,FE,2005,88.24
CHN,FE,2005,35.85
JPN,FE,2005,77.87
PHL,FE,2005,65.31
THA,FE,2005,41.09
VNM,FE,2005,28.26
GBR,FE,2005,89.89
USA,FE,2005,89.0
ARE,FE,2005,90.38
SGP,FE,2005,82.36
MMR,FE,2005,32.55
MYS,FE,2005,65.49
AUS,MA,2005,30.65
CHN,MA,2005,24.49
JPN,MA,2005,35.25
PHL,MA,2005,18.06
THA,MA,2005,22.55
VNM,MA,2005,22.4
GBR,MA,2005,33.11
USA,MA,2005,32.41
ARE,MA,2005,37.8
SGP,MA,2005,26.2
MMR,MA,2005,15.01
MYS,MA,2005,32.61
AUS,FE,2005,9.31
CHN,FE,2005,22.95
JPN,FE,2005,17.57
PHL,FE,2005,11.36
THA,FE,2005,22.18
VNM,FE,2005,14.78
GBR,FE,2005,9.38
USA,FE,2005,10.25
ARE,FE,2005,9.59
SGP,FE,2005,17.58
MMR,FE,2005,15.78
MYS,FE,2005,24.38
AUS,FE,2005,2.45
CHN,FE,2005,41.2
JPN,FE,2005,4.55
PHL,FE,2005,23.34
THA,FE,2005,36.73
VNM,FE,2005,56.96
GBR,FE,2005,0.73
USA,FE,2005,0.75
ARE,FE,2005,0.04
SGP,FE,2005,0.06
MMR,FE,2005,51.67
MYS,FE,2005,10.13
AUS,MA,2005,4.49
CHN,MA,2005,47.73
JPN,MA,2005,4.39
PHL,MA,2005,42.93
THA,MA,2005,40.32
VNM,MA,2005,52.86
GBR,MA,2005,1.93
USA,MA,2005,1.96
ARE,MA,2005,5.86
SGP,MA,2005,0.18
MMR,MA,2005,59.38
MYS,MA,2005,17.08
AUS,MA,2006,64.55
CHN,MA,2006,28.47
JPN,MA,2006,60.53
PHL,MA,2006,39.42
THA,MA,2006,35.17
VNM,MA,2006,26.14
GBR,MA,2006,65.27
USA,MA,2006,65.34
ARE,MA,2006,56.09
SGP,MA,2006,72.59
MMR,MA,2006,26.25
MYS,MA,2006,49.62
AUS,FE,2006,88.57
CHN,FE,2006,36.8
JPN,FE,2006,78.36
PHL,FE,2006,65.84
THA,FE,2006,41.96
VNM,FE,2006,30.32
GBR,FE,2006,89.91
USA,FE,2006,89.21
ARE,FE,2006,90.96
SGP,FE,2006,82.55
MMR,FE,2006,33.03
MYS,FE,2006,65.3
AUS,MA,2006,31.18
CHN,MA,2006,26.06
JPN,MA,2006,35.12
PHL,MA,2006,18.26
THA,MA,2006,23.29
VNM,MA,2006,24.16
GBR,MA,2006,32.8
USA,MA,2006,32.72
ARE,MA,2006,38.53
SGP,MA,2006,27.24
MMR,MA,2006,15.64
MYS,MA,2006,33.24
AUS,FE,2006,9.07
CHN,FE,2006,24.14
JPN,FE,2006,17.2
PHL,FE,2006,11.2
THA,FE,2006,20.35
VNM,FE,2006,15.9
GBR,FE,2006,9.42
USA,FE,2006,10.05
ARE,FE,2006,9.01
SGP,FE,2006,17.4
MMR,FE,2006,15.9
MYS,FE,2006,24.73
AUS,FE,2006,2.36
CHN,FE,2006,39.06
JPN,FE,2006,4.44
PHL,FE,2006,22.96
THA,FE,2006,37.69
VNM,FE,2006,53.78
GBR,FE,2006,0.67
USA,FE,2006,0.74
ARE,FE,2006,0.03
SGP,FE,2006,0.06
MMR,FE,2006,51.07
MYS,FE,2006,9.98
AUS,MA,2006,4.27
CHN,MA,2006,45.48
JPN,MA,2006,4.35
PHL,MA,2006,42.32
THA,MA,2006,41.54
VNM,MA,2006,49.7
GBR,MA,2006,1.93
USA,MA,2006,1.94
ARE,MA,2006,5.38
SGP,MA,2006,0.17
MMR,MA,2006,58.11
MYS,MA,2006,17.14
AUS,MA,2007,64.68
CHN,MA,2007,28.56
JPN,MA,2007,60.75
PHL,MA,2007,39.8
THA,MA,2007,35.5
VNM,MA,2007,28.37
GBR,MA,2007,65.15
USA,MA,2007,65.79
ARE,MA,2007,56.01
SGP,MA,2007,72.41
MMR,MA,2007,26.61
MYS,MA,2007,51.02
AUS,FE,2007,88.87
CHN,FE,2007,37.16
JPN,FE,2007,78.8
PHL,FE,2007,66.37
THA,FE,2007,42.16
VNM,FE,2007,32.44
GBR,FE,2007,89.82
USA,FE,2007,89.28
ARE,FE,2007,91.55
SGP,FE,2007,82.13
MMR,FE,2007,33.19
MYS,FE,2007,67.6
AUS,MA,2007,31.15
CHN,MA,2007,27.8
JPN,MA,2007,34.95
PHL,MA,2007,18.6
THA,MA,2007,23.29
VNM,MA,2007,24.38
GBR,MA,2007,32.97
USA,MA,2007,32.38
ARE,MA,2007,39.07
SGP,MA,2007,27.42
MMR,MA,2007,16.0
MYS,MA,2007,31.64
AUS,FE,2007,8.86
CHN,FE,2007,25.56
JPN,FE,2007,16.87
PHL,FE,2007,11.04
THA,FE,2007,20.3
VNM,FE,2007,16.09
GBR,FE,2007,9.43
USA,FE,2007,10.06
ARE,FE,2007,8.42
SGP,FE,2007,17.82
MMR,FE,2007,15.79
MYS,FE,2007,22.52
AUS,FE,2007,2.27
CHN,FE,2007,37.28
JPN,FE,2007,4.33
PHL,FE,2007,22.59
THA,FE,2007,37.55
VNM,FE,2007,51.48
GBR,FE,2007,0.75
USA,FE,2007,0.65
ARE,FE,2007,0.03
SGP,FE,2007,0.05
MMR,FE,2007,51.02
MYS,FE,2007,9.88
AUS,MA,2007,4.17
CHN,MA,2007,43.64
JPN,MA,2007,4.3
PHL,MA,2007,41.6
THA,MA,2007,41.21
VNM,MA,2007,47.25
GBR,MA,2007,1.89
USA,MA,2007,1.83
ARE,MA,2007,4.92
SGP,MA,2007,0.17
MMR,MA,2007,57.39
MYS,MA,2007,17.33
AUS,MA,2008,64.15
CHN,MA,2008,29.18
JPN,MA,2008,60.99
PHL,MA,2008,40.17
THA,MA,2008,35.81
VNM,MA,2008,28.32
GBR,MA,2008,65.91
USA,MA,2008,66.47
ARE,MA,2008,56.18
SGP,MA,2008,71.63
MMR,MA,2008,27.2
MYS,MA,2008,51.33
AUS,FE,2008,88.47
CHN,FE,2008,38.2
JPN,FE,2008,79.31
PHL,FE,2008,66.79
THA,FE,2008,42.92
VNM,FE,2008,32.6
GBR,FE,2008,89.86
USA,FE,2008,89.72
ARE,FE,2008,92.07
SGP,FE,2008,82.77
MMR,FE,2008,33.75
MYS,FE,2008,68.8
AUS,MA,2008,31.66
CHN,MA,2008,28.4
JPN,MA,2008,34.75
PHL,MA,2008,18.54
THA,MA,2008,22.6
VNM,MA,2008,25.23
GBR,MA,2008,32.71
USA,MA,2008,31.63
ARE,MA,2008,39.3
SGP,MA,2008,28.2
MMR,MA,2008,16.45
MYS,MA,2008,32.18
AUS,FE,2008,9.31
CHN,FE,2008,25.71
JPN,FE,2008,16.47
PHL,FE,2008,10.84
THA,FE,2008,19.5
VNM,FE,2008,16.44
GBR,FE,2008,9.41
USA,FE,2008,9.6
ARE,FE,2008,7.91
SGP,FE,2008,17.18
MMR,FE,2008,15.75
MYS,FE,2008,22.04
AUS,FE,2008,2.22
CHN,FE,2008,36.09
JPN,FE,2008,4.23
PHL,FE,2008,22.37
THA,FE,2008,37.58
VNM,FE,2008,50.96
GBR,FE,2008,0.73
USA,FE,2008,0.69
ARE,FE,2008,0.03
SGP,FE,2008,0.05
MMR,FE,2008,50.5
MYS,FE,2008,9.16
AUS,MA,2008,4.19
CHN,MA,2008,42.42
JPN,MA,2008,4.26
PHL,MA,2008,41.29
THA,MA,2008,41.59
VNM,MA,2008,46.45
GBR,MA,2008,1.38
USA,MA,2008,1.9
ARE,MA,2008,4.51
SGP,MA,2008,0.17
MMR,MA,2008,56.36
MYS,MA,2008,16.5
AUS,MA,2009,64.66
CHN,MA,2009,29.92
JPN,MA,2009,61.79
PHL,MA,2009,40.32
THA,MA,2009,36.45
VNM,MA,2009,28.37
GBR,MA,2009,68.42
USA,MA,2009,68.08
ARE,MA,2009,56.62
SGP,MA,2009,72.13
MMR,MA,2009,27.63
MYS,MA,2009,53.1
AUS,FE,2009,88.89
CHN,FE,2009,39.32
JPN,FE,2009,80.6
PHL,FE,2009,67.22
THA,FE,2009,44.69
VNM,FE,2009,33.01
GBR,FE,2009,91.76
USA,FE,2009,90.66
ARE,FE,2009,92.55
SGP,FE,2009,83.49
MMR,FE,2009,34.12
MYS,FE,2009,71.41
AUS,MA,2009,31.27
CHN,MA,2009,29.25
JPN,MA,2009,33.92
PHL,MA,2009,18.62
THA,MA,2009,22.49
VNM,MA,2009,26.36
GBR,MA,2009,29.98
USA,MA,2009,29.98
ARE,MA,2009,39.26
SGP,MA,2009,27.72
MMR,MA,2009,16.86
MYS,MA,2009,30.82
AUS,FE,2009,8.9
CHN,FE,2009,25.99
JPN,FE,2009,15.31
PHL,FE,2009,10.58
THA,FE,2009,18.76
VNM,FE,2009,16.97
GBR,FE,2009,7.69
USA,FE,2009,8.66
ARE,FE,2009,7.43
SGP,FE,2009,16.46
MMR,FE,2009,15.65
MYS,FE,2009,19.9
AUS,FE,2009,2.22
CHN,FE,2009,34.69
JPN,FE,2009,4.1
PHL,FE,2009,22.2
THA,FE,2009,36.55
VNM,FE,2009,50.02
GBR,FE,2009,0.55
USA,FE,2009,0.68
ARE,FE,2009,0.02
SGP,FE,2009,0.05
MMR,FE,2009,50.23
MYS,FE,2009,8.69
AUS,MA,2009,4.08
CHN,MA,2009,40.84
JPN,MA,2009,4.29
PHL,MA,2009,41.07
THA,MA,2009,41.06
VNM,MA,2009,45.27
GBR,MA,2009,1.6
USA,MA,2009,1.94
ARE,MA,2009,4.12
SGP,MA,2009,0.16
MMR,MA,2009,55.51
MYS,MA,2009,16.08
AUS,MA,2010,64.9
CHN,MA,2010,30.29
JPN,MA,2010,62.49
PHL,MA,2010,40.83
THA,MA,2010,37.19
VNM,MA,2010,27.84
GBR,MA,2010,68.81
USA,MA,2010,68.54
ARE,MA,2010,57.2
SGP,MA,2010,73.62
MMR,MA,2010,27.67
MYS,MA,2010,52.57
AUS,FE,2010,89.1
CHN,FE,2010,40.01
JPN,FE,2010,81.29
PHL,FE,2010,67.86
THA,FE,2010,45.74
VNM,FE,2010,31.56
GBR,FE,2010,91.97
USA,FE,2010,90.8
ARE,FE,2010,92.98
SGP,FE,2010,84.6
MMR,FE,2010,34.04
MYS,FE,2010,71.29
AUS,MA,2010,31.1
CHN,MA,2010,30.36
JPN,MA,2010,33.33
PHL,MA,2010,19.06
THA,MA,2010,22.71
VNM,MA,2010,25.72
GBR,MA,2010,29.45
USA,MA,2010,29.44
ARE,MA,2010,39.01
SGP,MA,2010,26.22
MMR,MA,2010,17.21
MYS,MA,2010,31.53
AUS,FE,2010,8.61
CHN,FE,2010,26.62
JPN,FE,2010,14.81
PHL,FE,2010,10.49
THA,FE,2010,18.21
VNM,FE,2010,17.25
GBR,FE,2010,7.43
USA,FE,2010,8.46
ARE,FE,2010,7.0
SGP,FE,2010,15.35
MMR,FE,2010,15.57
MYS,FE,2010,20.28
AUS,FE,2010,2.28
CHN,FE,2010,33.37
JPN,FE,2010,3.9
PHL,FE,2010,21.65
THA,FE,2010,36.06
VNM,FE,2010,51.19
GBR,FE,2010,0.61
USA,FE,2010,0.74
ARE,FE,2010,0.02
SGP,FE,2010,0.05
MMR,FE,2010,50.4
MYS,FE,2010,8.43
AUS,MA,2010,4.01
CHN,MA,2010,39.35
JPN,MA,2010,4.19
PHL,MA,2010,40.12
THA,MA,2010,40.1
VNM,MA,2010,46.44
GBR,MA,2010,1.75
USA,MA,2010,2.02
ARE,MA,2010,3.79
SGP,MA,2010,0.15
MMR,MA,2010,55.12
MYS,MA,2010,15.9
AUS,MA,2011,65.44
CHN,MA,2011,31.16
JPN,MA,2011,62.69
PHL,MA,2011,41.53
THA,MA,2011,35.67
VNM,MA,2011,28.5
GBR,MA,2011,68.99
USA,MA,2011,68.76
ARE,MA,2011,57.67
SGP,MA,2011,74.67
MMR,MA,2011,28.01
MYS,MA,2011,52.81
AUS,FE,2011,89.58
CHN,FE,2011,41.4
JPN,FE,2011,81.77
PHL,FE,2011,68.42
THA,FE,2011,44.03
VNM,FE,2011,32.49
GBR,FE,2011,91.83
USA,FE,2011,90.51
ARE,FE,2011,93.3
SGP,FE,2011,85.47
MMR,FE,2011,34.53
MYS,FE,2011,72.22
AUS,MA,2011,30.97
CHN,MA,2011,31.35
JPN,MA,2011,33.16
PHL,MA,2011,18.53
THA,MA,2011,21.76
VNM,MA,2011,25.62
GBR,MA,2011,29.3
USA,MA,2011,29.21
ARE,MA,2011,38.85
SGP,MA,2011,25.19
MMR,MA,2011,17.29
MYS,MA,2011,32.71
AUS,FE,2011,8.53
CHN,FE,2011,27.18
JPN,FE,2011,14.52
PHL,FE,2011,10.23
THA,FE,2011,16.77
VNM,FE,2011,16.56
GBR,FE,2011,7.51
USA,FE,2011,8.72
ARE,FE,2011,6.69
SGP,FE,2011,14.49
MMR,FE,2011,15.32
MYS,FE,2011,20.66
AUS,FE,2011,1.89
CHN,FE,2011,31.42
JPN,FE,2011,3.71
PHL,FE,2011,21.35
THA,FE,2011,39.2
VNM,FE,2011,50.95
GBR,FE,2011,0.66
USA,FE,2011,0.77
ARE,FE,2011,0.02
SGP,FE,2011,0.04
MMR,FE,2011,50.15
MYS,FE,2011,7.12
AUS,MA,2011,3.59
CHN,MA,2011,37.49
JPN,MA,2011,4.15
PHL,MA,2011,39.95
THA,MA,2011,42.57
VNM,MA,2011,45.89
GBR,MA,2011,1.71
USA,MA,2011,2.03
ARE,MA,2011,3.48
SGP,MA,2011,0.15
MMR,MA,2011,54.71
MYS,MA,2011,14.49
AUS,MA,2012,65.5
CHN,MA,2012,31.39
JPN,MA,2012,62.7
PHL,MA,2012,42.03
THA,MA,2012,34.51
VNM,MA,2012,29.4
GBR,MA,2012,69.44
USA,MA,2012,68.98
ARE,MA,2012,57.81
SGP,MA,2012,75.23
MMR,MA,2012,28.15
MYS,MA,2012,52.14
AUS,FE,2012,89.72
CHN,FE,2012,42.02
JPN,FE,2012,82.09
PHL,FE,2012,68.99
THA,FE,2012,42.14
VNM,FE,2012,33.66
GBR,FE,2012,91.67
USA,FE,2012,90.49
ARE,FE,2012,93.55
SGP,FE,2012,85.42
MMR,FE,2012,34.78
MYS,FE,2012,71.73
AUS,MA,2012,30.96
CHN,MA,2012,32.32
JPN,MA,2012,33.19
PHL,MA,2012,18.61
THA,MA,2012,21.82
VNM,MA,2012,25.22
GBR,MA,2012,28.94
USA,MA,2012,29.12
ARE,MA,2012,39.01
SGP,MA,2012,24.63
MMR,MA,2012,17.47
MYS,MA,2012,31.93
AUS,FE,2012,8.36
CHN,FE,2012,27.76
JPN,FE,2012,14.38
PHL,FE,2012,10.07
THA,FE,2012,17.5
VNM,FE,2012,16.84
GBR,FE,2012,7.65
USA,FE,2012,8.75
ARE,FE,2012,6.43
SGP,FE,2012,14.54
MMR,FE,2012,15.09
MYS,FE,2012,19.79
AUS,FE,2012,1.92
CHN,FE,2012,30.22
JPN,FE,2012,3.54
PHL,FE,2012,20.94
THA,FE,2012,40.37
VNM,FE,2012,49.51
GBR,FE,2012,0.69
USA,FE,2012,0.76
ARE,FE,2012,0.02
SGP,FE,2012,0.04
MMR,FE,2012,50.13
MYS,FE,2012,8.49
AUS,MA,2012,3.54
CHN,MA,2012,36.29
JPN,MA,2012,4.1
PHL,MA,2012,39.36
THA,MA,2012,43.67
VNM,MA,2012,45.39
GBR,MA,2012,1.62
USA,MA,2012,1.91
ARE,MA,2012,3.18
SGP,MA,2012,0.14
MMR,MA,2012,54.37
MYS,MA,2012,15.93
AUS,MA,2013,65.95
CHN,MA,2013,33.48
JPN,MA,2013,62.67
PHL,MA,2013,42.82
THA,MA,2013,33.67
VNM,MA,2013,29.92
GBR,MA,2013,69.95
USA,MA,2013,68.67
ARE,MA,2013,57.89
SGP,MA,2013,76.36
MMR,MA,2013,28.26
MYS,MA,2013,51.92
AUS,FE,2013,90.03
CHN,FE,2013,44.8
JPN,FE,2013,82.25
PHL,FE,2013,69.75
THA,FE,2013,43.18
VNM,FE,2013,34.26
GBR,FE,2013,91.72
USA,FE,2013,90.51
ARE,FE,2013,93.72
SGP,FE,2013,85.36
MMR,FE,2013,34.96
MYS,FE,2013,71.99
AUS,MA,2013,30.63
CHN,MA,2013,32.31
JPN,MA,2013,33.32
PHL,MA,2013,19.08
THA,MA,2013,22.48
VNM,MA,2013,25.09
GBR,MA,2013,28.6
USA,MA,2013,29.46
ARE,MA,2013,39.21
SGP,MA,2013,23.5
MMR,MA,2013,17.73
MYS,MA,2013,32.68
AUS,FE,2013,8.3
CHN,FE,2013,27.32
JPN,FE,2013,14.36
PHL,FE,2013,10.13
THA,FE,2013,17.57
VNM,FE,2013,16.96
GBR,FE,2013,7.68
USA,FE,2013,8.82
ARE,FE,2013,6.26
SGP,FE,2013,14.6
MMR,FE,2013,14.89
MYS,FE,2013,19.92
AUS,FE,2013,1.67
CHN,FE,2013,27.88
JPN,FE,2013,3.39
PHL,FE,2013,20.12
THA,FE,2013,39.25
VNM,FE,2013,48.78
GBR,FE,2013,0.6
USA,FE,2013,0.67
ARE,FE,2013,0.02
SGP,FE,2013,0.04
MMR,FE,2013,50.16
MYS,FE,2013,8.09
AUS,MA,2013,3.41
CHN,MA,2013,34.21
JPN,MA,2013,4.01
PHL,MA,2013,38.09
THA,MA,2013,43.85
VNM,MA,2013,44.99
GBR,MA,2013,1.46
USA,MA,2013,1.87
ARE,MA,2013,2.9
SGP,MA,2013,0.14
MMR,MA,2013,54.01
MYS,MA,2013,15.4
AUS,MA,2014,65.85
CHN,MA,2014,35.32
JPN,MA,2014,62.97
PHL,MA,2014,43.16
THA,MA,2014,38.69
VNM,MA,2014,30.22
GBR,MA,2014,69.7
USA,MA,2014,68.63
ARE,MA,2014,57.63
SGP,MA,2014,78.36
MMR,MA,2014,28.32
MYS,MA,2014,52.0
AUS,FE,2014,90.06
CHN,FE,2014,47.24
JPN,FE,2014,82.32
PHL,FE,2014,69.71
THA,FE,2014,48.25
VNM,FE,2014,34.38
GBR,FE,2014,91.35
USA,FE,2014,90.44
ARE,FE,2014,93.85
SGP,FE,2014,87.62
MMR,FE,2014,35.01
MYS,FE,2014,72.36
AUS,MA,2014,30.53
CHN,MA,2014,32.32
JPN,MA,2014,33.05
PHL,MA,2014,19.75
THA,MA,2014,25.96
VNM,MA,2014,25.1
GBR,MA,2014,28.57
USA,MA,2014,29.46
ARE,MA,2014,39.74
SGP,MA,2014,21.51
MMR,MA,2014,18.1
MYS,MA,2014,32.66
AUS,FE,2014,8.11
CHN,FE,2014,26.86
JPN,FE,2014,14.38
PHL,FE,2014,10.09
THA,FE,2014,20.6
VNM,FE,2014,17.5
GBR,FE,2014,7.94
USA,FE,2014,8.86
ARE,FE,2014,6.14
SGP,FE,2014,12.35
MMR,FE,2014,14.72
MYS,FE,2014,19.61
AUS,FE,2014,1.83
CHN,FE,2014,25.9
JPN,FE,2014,3.3
PHL,FE,2014,20.2
THA,FE,2014,31.15
VNM,FE,2014,48.13
GBR,FE,2014,0.71
USA,FE,2014,0.7
ARE,FE,2014,0.01
SGP,FE,2014,0.04
MMR,FE,2014,50.27
MYS,FE,2014,8.04
AUS,MA,2014,3.62
CHN,MA,2014,32.36
JPN,MA,2014,3.98
PHL,MA,2014,37.1
THA,MA,2014,35.35
VNM,MA,2014,44.68
GBR,MA,2014,1.73
USA,MA,2014,1.9
ARE,MA,2014,2.64
SGP,MA,2014,0.12
MMR,MA,2014,53.58
MYS,MA,2014,15.34
AUS,MA,2015,67.35
CHN,MA,2015,36.78
JPN,MA,2015,63.18
PHL,MA,2015,43.82
THA,MA,2015,39.55
VNM,MA,2015,31.41
GBR,MA,2015,70.2
USA,MA,2015,68.76
ARE,MA,2015,57.27
SGP,MA,2015,78.82
MMR,MA,2015,28.82
MYS,MA,2015,52.19
AUS,FE,2015,90.49
CHN,FE,2015,49.09
JPN,FE,2015,82.31
PHL,FE,2015,71.04
THA,FE,2015,49.39
VNM,FE,2015,35.24
GBR,FE,2015,91.68
USA,FE,2015,90.41
ARE,FE,2015,93.93
SGP,FE,2015,87.75
MMR,FE,2015,35.38
MYS,FE,2015,72.84
AUS,MA,2015,29.34
CHN,MA,2015,31.81
JPN,MA,2015,32.88
PHL,MA,2015,20.26
THA,MA,2015,26.11
VNM,MA,2015,25.88
GBR,MA,2015,28.23
USA,MA,2015,29.23
ARE,MA,2015,40.35
SGP,MA,2015,21.07
MMR,MA,2015,18.38
MYS,MA,2015,32.55
AUS,FE,2015,7.66
CHN,FE,2015,25.88
JPN,FE,2015,14.47
PHL,FE,2015,10.0
THA,FE,2015,20.79
VNM,FE,2015,19.32
GBR,FE,2015,7.67
USA,FE,2015,8.83
ARE,FE,2015,6.05
SGP,FE,2015,12.22
MMR,FE,2015,14.5
MYS,FE,2015,19.27
AUS,FE,2015,1.85
CHN,FE,2015,25.03
JPN,FE,2015,3.22
PHL,FE,2015,18.96
THA,FE,2015,29.82
VNM,FE,2015,45.45
GBR,FE,2015,0.65
USA,FE,2015,0.76
ARE,FE,2015,0.01
SGP,FE,2015,0.03
MMR,FE,2015,50.12
MYS,FE,2015,7.9
AUS,MA,2015,3.31
CHN,MA,2015,31.41
JPN,MA,2015,3.94
PHL,MA,2015,35.92
THA,MA,2015,34.35
VNM,MA,2015,42.71
GBR,MA,2015,1.57
USA,MA,2015,2.02
ARE,MA,2015,2.38
SGP,MA,2015,0.11
MMR,MA,2015,52.81
MYS,MA,2015,15.26
AUS,MA,2016,67.41
CHN,MA,2016,37.9
JPN,MA,2016,63.46
PHL,MA,2016,44.74
THA,MA,2016,40.2
VNM,MA,2016,31.2
GBR,MA,2016,70.48
USA,MA,2016,68.82
ARE,MA,2016,57.32
SGP,MA,2016,79.47
MMR,MA,2016,29.17
MYS,MA,2016,53.75
AUS,FE,2016,90.42
CHN,FE,2016,50.57
JPN,FE,2016,82.74
PHL,FE,2016,72.81
THA,FE,2016,51.07
VNM,FE,2016,35.75
GBR,FE,2016,91.77
USA,FE,2016,90.53
ARE,FE,2016,94.09
SGP,FE,2016,88.1
MMR,FE,2016,37.15
MYS,FE,2016,73.19
AUS,MA,2016,29.17
CHN,MA,2016,31.63
JPN,MA,2016,32.7
PHL,MA,2016,22.14
THA,MA,2016,26.33
VNM,MA,2016,28.43
GBR,MA,2016,27.96
USA,MA,2016,29.19
ARE,MA,2016,40.52
SGP,MA,2016,20.44
MMR,MA,2016,17.33
MYS,MA,2016,32.09
AUS,FE,2016,7.9
CHN,FE,2016,25.24
JPN,FE,2016,14.21
PHL,FE,2016,9.95
THA,FE,2016,20.52
VNM,FE,2016,20.77
GBR,FE,2016,7.61
USA,FE,2016,8.71
ARE,FE,2016,5.9
SGP,FE,2016,11.88
MMR,FE,2016,14.96
MYS,FE,2016,19.99
AUS,FE,2016,1.68
CHN,FE,2016,24.2
JPN,FE,2016,3.05
PHL,FE,2016,17.24
THA,FE,2016,28.42
VNM,FE,2016,43.48
GBR,FE,2016,0.63
USA,FE,2016,0.77
ARE,FE,2016,0.01
SGP,FE,2016,0.02
MMR,FE,2016,47.89
MYS,FE,2016,6.82
AUS,MA,2016,3.43
CHN,MA,2016,30.48
JPN,MA,2016,3.85
PHL,MA,2016,33.13
THA,MA,2016,33.47
VNM,MA,2016,40.38
GBR,MA,2016,1.56
USA,MA,2016,1.99
ARE,MA,2016,2.16
SGP,MA,2016,0.09
MMR,MA,2016,53.5
MYS,MA,2016,14.16
AUS,MA,2017,66.99
CHN,MA,2017,39.19
JPN,MA,2017,63.49
PHL,MA,2017,44.88
THA,MA,2017,40.71
VNM,MA,2017,31.63
GBR,MA,2017,70.8
USA,MA,2017,68.87
ARE,MA,2017,57.71
SGP,MA,2017,80.04
MMR,MA,2017,29.62
MYS,MA,2017,53.8
AUS,FE,2017,90.72
CHN,FE,2017,52.14
JPN,FE,2017,82.86
PHL,FE,2017,74.78
THA,FE,2017,51.65
VNM,FE,2017,36.72
GBR,FE,2017,91.68
USA,FE,2017,90.54
ARE,FE,2017,94.31
SGP,FE,2017,88.39
MMR,FE,2017,39.1
MYS,FE,2017,72.67
AUS,MA,2017,29.6
CHN,MA,2017,31.16
JPN,MA,2017,32.73
PHL,MA,2017,23.44
THA,MA,2017,25.34
VNM,MA,2017,29.42
GBR,MA,2017,27.58
USA,MA,2017,29.13
ARE,MA,2017,40.35
SGP,MA,2017,19.87
MMR,MA,2017,16.31
MYS,MA,2017,32.06
AUS,FE,2017,7.63
CHN,FE,2017,24.25
JPN,FE,2017,14.15
PHL,FE,2017,9.89
THA,FE,2017,19.87
VNM,FE,2017,21.81
GBR,FE,2017,7.67
USA,FE,2017,8.71
ARE,FE,2017,5.69
SGP,FE,2017,11.59
MMR,FE,2017,15.38
MYS,FE,2017,20.66
AUS,FE,2017,1.65
CHN,FE,2017,23.61
JPN,FE,2017,2.99
PHL,FE,2017,15.33
THA,FE,2017,28.49
VNM,FE,2017,41.47
GBR,FE,2017,0.65
USA,FE,2017,0.75
ARE,FE,2017,0.01
SGP,FE,2017,0.03
MMR,FE,2017,45.52
MYS,FE,2017,6.67
AUS,MA,2017,3.41
CHN,MA,2017,29.65
JPN,MA,2017,3.79
PHL,MA,2017,31.68
THA,MA,2017,33.94
VNM,MA,2017,38.95
GBR,MA,2017,1.62
USA,MA,2017,2.01
ARE,MA,2017,1.94
SGP,MA,2017,0.09
MMR,MA,2017,54.07
MYS,MA,2017,14.14
AUS,MA,2018,66.48
CHN,MA,2018,39.76
JPN,MA,2018,63.61
PHL,MA,2018,44.58
THA,MA,2018,40.21
VNM,MA,2018,32.02
GBR,MA,2018,71.0
USA,MA,2018,68.75
ARE,MA,2018,57.79
SGP,MA,2018,80.58
MMR,MA,2018,30.54
MYS,MA,2018,55.24
AUS,FE,2018,90.18
CHN,FE,2018,53.04
JPN,FE,2018,82.84
PHL,FE,2018,75.81
THA,FE,2018,50.85
VNM,FE,2018,37.54
GBR,FE,2018,91.93
USA,FE,2018,90.47
ARE,FE,2018,94.46
SGP,FE,2018,88.66
MMR,FE,2018,40.47
MYS,FE,2018,73.64
AUS,MA,2018,30.09
CHN,MA,2018,31.58
JPN,MA,2018,32.52
PHL,MA,2018,24.87
THA,MA,2018,25.18
VNM,MA,2018,30.38
GBR,MA,2018,27.53
USA,MA,2018,29.36
ARE,MA,2018,40.45
SGP,MA,2018,19.34
MMR,MA,2018,17.49
MYS,MA,2018,31.31
AUS,FE,2018,8.15
CHN,FE,2018,24.18
JPN,FE,2018,14.14
PHL,FE,2018,9.83
THA,FE,2018,19.97
VNM,FE,2018,22.56
GBR,FE,2018,7.45
USA,FE,2018,8.78
ARE,FE,2018,5.53
SGP,FE,2018,11.32
MMR,FE,2018,16.95
MYS,FE,2018,20.3
AUS,FE,2018,1.68
CHN,FE,2018,22.78
JPN,FE,2018,3.02
PHL,FE,2018,14.36
THA,FE,2018,29.19
VNM,FE,2018,39.9
GBR,FE,2018,0.62
USA,FE,2018,0.76
ARE,FE,2018,0.01
SGP,FE,2018,0.02
MMR,FE,2018,42.58
MYS,FE,2018,6.06
AUS,MA,2018,3.44
CHN,MA,2018,28.66
JPN,MA,2018,3.87
PHL,MA,2018,30.55
THA,MA,2018,34.61
VNM,MA,2018,37.6
GBR,MA,2018,1.47
USA,MA,2018,1.89
ARE,MA,2018,1.76
SGP,MA,2018,0.08
MMR,MA,2018,51.97
MYS,MA,2018,13.45
AUS,MA,2019,67.54
CHN,MA,2019,41.23
JPN,MA,2019,63.93
PHL,MA,2019,46.24
THA,MA,2019,40.5
VNM,MA,2019,32.51
GBR,MA,2019,71.2
USA,MA,2019,68.81
ARE,MA,2019,58.27
SGP,MA,2019,81.12
MMR,MA,2019,29.86
MYS,MA,2019,55.69
AUS,FE,2019,90.83
CHN,FE,2019,54.92
JPN,FE,2019,83.15
PHL,FE,2019,76.69
THA,FE,2019,51.97
VNM,FE,2019,38.42
GBR,FE,2019,91.72
USA,FE,2019,90.37
ARE,FE,2019,94.57
SGP,FE,2019,89.01
MMR,FE,2019,40.6
MYS,FE,2019,74.06
AUS,MA,2019,29.17
CHN,MA,2019,30.83
JPN,MA,2019,32.36
PHL,MA,2019,25.07
THA,MA,2019,25.43
VNM,MA,2019,31.26
GBR,MA,2019,27.34
USA,MA,2019,29.33
ARE,MA,2019,40.06
SGP,MA,2019,18.83
MMR,MA,2019,16.93
MYS,MA,2019,31.32
AUS,FE,2019,7.45
CHN,FE,2019,23.06
JPN,FE,2019,13.9
PHL,FE,2019,9.7
THA,FE,2019,19.76
VNM,FE,2019,23.28
GBR,FE,2019,7.7
USA,FE,2019,8.87
ARE,FE,2019,5.42
SGP,FE,2019,10.98
MMR,FE,2019,16.96
MYS,FE,2019,20.05
AUS,FE,2019,1.71
CHN,FE,2019,22.01
JPN,FE,2019,2.95
PHL,FE,2019,13.61
THA,FE,2019,28.27
VNM,FE,2019,38.3
GBR,FE,2019,0.58
USA,FE,2019,0.76
ARE,FE,2019,0.01
SGP,FE,2019,0.01
MMR,FE,2019,42.44
MYS,FE,2019,5.89
AUS,MA,2019,3.29
CHN,MA,2019,27.94
JPN,MA,2019,3.72
PHL,MA,2019,28.7
THA,MA,2019,34.07
VNM,MA,2019,36.23
GBR,MA,2019,1.46
USA,MA,2019,1.87
ARE,MA,2019,1.67
SGP,MA,2019,0.05
MMR,MA,2019,53.21
MYS,MA,2019,12.99
AUS,MA,2020,67.54
CHN,MA,2020,41.23
JPN,MA,2020,63.93
PHL,MA,2020,46.24
THA,MA,2020,40.5
VNM,MA,2020,32.51
GBR,MA,2020,71.2
USA,MA,2020,68.81
ARE,MA,2020,58.27
SGP,MA,2020,81.12
MMR,MA,2020,29.86
MYS,MA,2020,55.69
AUS,FE,2020,90.83
CHN,FE,2020,54.92
JPN,FE,2020,83.15
PHL,FE,2020,76.69
THA,FE,2020,51.97
VNM,FE,2020,38.42
GBR,FE,2020,91.72
USA,FE,2020,90.37
ARE,FE,2020,94.57
SGP,FE,2020,89.01
MMR,FE,2020,40.6
MYS,FE,2020,74.06
AUS,MA,2020,29.17
CHN,MA,2020,30.83
JPN,MA,2020,32.36
PHL,MA,2020,25.07
THA,MA,2020,25.43
VNM,MA,2020,31.26
GBR,MA,2020,27.34
USA,MA,2020,29.33
ARE,MA,2020,40.06
SGP,MA,2020,18.83
MMR,MA,2020,16.93
MYS,MA,2020,31.32
AUS,FE,2020,7.45
CHN,FE,2020,23.06
JPN,FE,2020,13.9
PHL,FE,2020,9.7
THA,FE,2020,19.76
VNM,FE,2020,23.28
GBR,FE,2020,7.7
USA,FE,2020,8.87
ARE,FE,2020,5.42
SGP,FE,2020,10.98
MMR,FE,2020,16.96
MYS,FE,2020,20.05
AUS,FE,2020,1.71
CHN,FE,2020,22.01
JPN,FE,2020,2.95
PHL,FE,2020,13.61
THA,FE,2020,28.27
VNM,FE,2020,38.3
GBR,FE,2020,0.58
USA,FE,2020,0.76
ARE,FE,2020,0.01
SGP,FE,2020,0.01
MMR,FE,2020,42.44
MYS,FE,2020,5.89
AUS,MA,2020,3.29
CHN,MA,2020,27.94
JPN,MA,2020,3.72
PHL,MA,2020,28.7
THA,MA,2020,34.07
VNM,MA,2020,36.23
GBR,MA,2020,1.46
USA,MA,2020,1.87
ARE,MA,2020,1.67
SGP,MA,2020,0.05
MMR,MA,2020,53.21
MYS,MA,2020,12.99
AUS,MA,2021,67.54
CHN,MA,2021,41.23
JPN,MA,2021,63.93
PHL,MA,2021,46.24
THA,MA,2021,40.5
VNM,MA,2021,32.51
GBR,MA,2021,71.2
USA,MA,2021,68.81
ARE,MA,2021,58.27
SGP,MA,2021,81.12
MMR,MA,2021,29.86
MYS,MA,2021,55.69
AUS,FE,2021,90.83
CHN,FE,2021,54.92
JPN,FE,2021,83.15
PHL,FE,2021,76.69
THA,FE,2021,51.97
VNM,FE,2021,38.42
GBR,FE,2021,91.72
USA,FE,2021,90.37
ARE,FE,2021,94.57
SGP,FE,2021,89.01
MMR,FE,2021,40.6
MYS,FE,2021,74.06
AUS,MA,2021,29.17
CHN,MA,2021,30.83
JPN,MA,2021,32.36
PHL,MA,2021,25.07
THA,MA,2021,25.43
VNM,MA,2021,31.26
GBR,MA,2021,27.34
USA,MA,2021,29.33
ARE,MA,2021,40.06
SGP,MA,2021,18.83
MMR,MA,2021,16.93
MYS,MA,2021,31.32
AUS,FE,2021,7.45
CHN,FE,2021,23.06
JPN,FE,2021,13.9
PHL,FE,2021,9.7
THA,FE,2021,19.76
VNM,FE,2021,23.28
GBR,FE,2021,7.7
USA,FE,2021,8.87
ARE,FE,2021,5.42
SGP,FE,2021,10.98
MMR,FE,2021,16.96
MYS,FE,2021,20.05
AUS,FE,2021,1.71
CHN,FE,2021,22.01
JPN,FE,2021,2.95
PHL,FE,2021,13.61
THA,FE,2021,28.27
VNM,FE,2021,38.3
GBR,FE,2021,0.58
USA,FE,2021,0.76
ARE,FE,2021,0.01
SGP,FE,2021,0.01
MMR,FE,2021,42.44
MYS,FE,2021,5.89
AUS,MA,2021,3.29
CHN,MA,2021,27.94
JPN,MA,2021,3.72
PHL,MA,2021,28.7
THA,MA,2021,34.07
VNM,MA,2021,36.23
GBR,MA,2021,1.46
USA,MA,2021,1.87
ARE,MA,2021,1.67
SGP,MA,2021,0.05
MMR,MA,2021,53.21
MYS,MA,2021,12.99
